Workbook

Sheet data_quality_log
A1: Column | B1: Null_Count | C1: Note
A2: gdp_usd | B2: =COUNTBLANK(global_renewable_energy_transit!F2:F1295) -> 144 | C2: All 2025 rows — GDP data not yet published
A3: solar_yoy_growth_pct | B3: =COUNTBLANK(global_renewable_energy_transit!W2:W1295) -> 358 | C3: Pre-solar era (before 2015) plus inf values replaced in cleaning
A4: wind_yoy_growth_pct | B4: =COUNTBLANK(global_renewable_energy_transit!X2:X1295) -> 83 | C4: Pre-wind era plus inf values replaced in cleaning
A5: renewables_yoy_growth_pct | B5: =COUNTBLANK(global_renewable_energy_transit!Y2:Y1295) -> 1235 | C5: Only recent years available — sparse by design
A6: hydro_electricity_twh | B6: =COUNTBLANK(global_renewable_energy_transit!L2:L1295) -> 76 | C6: Missing for some countries — left as NULL for SQL
A7: policy_milestone | B7: =COUNTBLANK(global_renewable_energy_transit!Z2:Z1295) -> 1294 | C7: Sparse event column — only 59 real policy entries in dataset
A8: country + year combination | B8: 0 | C8: No duplicate rows — each country has exactly one row per year

Sheet global_renewable_energy_transit
A1: country | B1: region | C1: income_group | D1: year | E1: population | F1: gdp_usd | G1: total_electricity_generation_twh | H1: electricity_demand_twh | I1: solar_electricity_twh | J1: wind_electricity_twh | K1: renewables_electricity_twh | L1: hydro_electricity_twh | M1: nuclear_electricity_twh | N1: fossil_electricity_twh | O1: solar_share_pct | P1: wind_share_pct | Q1: renewables_share_pct | R1: fossil_share_pct | S1: low_carbon_share_pct | T1: carbon_intensity_gco2_kwh | U1: co2_saved_solar_wind_mt | V1: solar_yoy_growth_pct | W1: wind_yoy_growth_pct | X1: renewables_yoy_growth_pct | Y1: policy_milestone
A2: Algeria | B2: Africa | C2: Lower-middle | D2: 2000 | E2: 30903894 | F2: 208554150552 | G2: 25.4 | H2: 25.33 | I2: 0 | J2: 0 | K2: 0.05 | L2: 0.05 | M2: 0 | N2: 25.35 | O2: 0 | P2: 0 | Q2: 0.197 | R2: 99.803 | S2: 0.197 | T2: 638.58 | U2: 0
A3: Algeria | B3: Africa | C3: Lower-middle | D3: 2001 | E3: 31331226 | F3: 223420294027 | G3: 26.62 | H3: 26.57 | I3: 0 | J3: 0 | K3: 0.07 | L3: 0.07 | M3: 0 | N3: 26.55 | O3: 0 | P3: 0 | Q3: 0.263 | R3: 99.737 | S3: 0.263 | T3: 638.24 | U3: 0 | X3: 40
A4: Algeria | B4: Africa | C4: Lower-middle | D4: 2002 | E4: 31750832 | F4: 245360923720 | G4: 27.65 | H4: 27.63 | I4: 0 | J4: 0 | K4: 0.06 | L4: 0.06 | M4: 0 | N4: 27.59 | O4: 0 | P4: 0 | Q4: 0.217 | R4: 99.783 | S4: 0.217 | T4: 637.98 | U4: 0 | X4: -14.3
A5: Algeria | B5: Africa | C5: Lower-middle | D5: 2003 | E5: 32175813 | F5: 273568638765 | G5: 29.57 | H5: 29.58 | I5: 0 | J5: 0 | K5: 0.26 | L5: 0.26 | M5: 0 | N5: 29.31 | O5: 0 | P5: 0 | Q5: 0.879 | R5: 99.121 | S5: 0.879 | T5: 634.09 | U5: 0 | X5: 333.3
A6: Algeria | B6: Africa | C6: Lower-middle | D6: 2004 | E6: 32628286 | F6: 296773569597 | G6: 31.25 | H6: 31.26 | I6: 0 | J6: 0 | K6: 0.25 | L6: 0.25 | M6: 0 | N6: 31 | O6: 0 | P6: 0 | Q6: 0.8 | R6: 99.2 | S6: 0.8 | T6: 634.56 | U6: 0 | X6: -3.8
A7: Algeria | B7: Africa | C7: Lower-middle | D7: 2005 | E7: 33109258 | F7: 326854481030 | G7: 33.91 | H7: 33.99 | I7: 0 | J7: 0 | K7: 0.55 | L7: 0.55 | M7: 0 | N7: 33.36 | O7: 0 | P7: 0 | Q7: 1.622 | R7: 98.378 | S7: 1.622 | T7: 629.31 | U7: 0 | X7: 120
A8: Algeria | B8: Africa | C8: Lower-middle | D8: 2006 | E8: 33623505 | F8: 345705309468 | G8: 35.23 | H8: 35.31 | I8: 0 | J8: 0 | K8: 0.22 | L8: 0.22 | M8: 0 | N8: 35.01 | O8: 0 | P8: 0 | Q8: 0.624 | R8: 99.376 | S8: 0.624 | T8: 635.82 | U8: 0 | X8: -60
A9: Algeria | B9: Africa | C9: Lower-middle | D9: 2007 | E9: 34189420 | F9: 371665260161 | G9: 37.19 | H9: 37.2 | I9: 0 | J9: 0 | K9: 0.22 | L9: 0.22 | M9: 0 | N9: 36.97 | O9: 0 | P9: 0 | Q9: 0.592 | R9: 99.408 | S9: 0.592 | T9: 635.92 | U9: 0 | X9: 0
A10: Algeria | B10: Africa | C10: Lower-middle | D10: 2008 | E10: 34816963 | F10: 395658515586 | G10: 40.23 | H10: 40.18 | I10: 0 | J10: 0 | K10: 0.28 | L10: 0.28 | M10: 0 | N10: 39.95 | O10: 0 | P10: 0 | Q10: 0.696 | R10: 99.304 | S10: 0.696 | T10: 635.35 | U10: 0 | X10: 27.3
A11: Algeria | B11: Africa | C11: Lower-middle | D11: 2009 | E11: 35490442 | F11: 418247711085 | G11: 38.5 | H11: 38.47 | I11: 0 | J11: 0 | K11: 0.3 | L11: 0.3 | M11: 0 | N11: 38.2 | O11: 0 | P11: 0 | Q11: 0.779 | R11: 99.221 | S11: 0.779 | T11: 634.55 | U11: 0 | X11: 7.1
A12: Algeria | B12: Africa | C12: Lower-middle | D12: 2010 | E12: 36188237 | F12: 450705801593 | G12: 45.73 | H12: 45.66 | I12: 0 | J12: 0 | K12: 0.17 | L12: 0.17 | M12: 0 | N12: 45.56 | O12: 0 | P12: 0 | Q12: 0.372 | R12: 99.628 | S12: 0.372 | T12: 637 | U12: 0 | X12: -43.3
A13: Algeria | B13: Africa | C13: Lower-middle | D13: 2011 | E13: 36903374 | F13: 482028679734 | G13: 51.22 | H13: 51.08 | I13: 0 | J13: 0 | K13: 0.5 | L13: 0.5 | M13: 0 | N13: 50.72 | O13: 0 | P13: 0 | Q13: 0.976 | R13: 99.024 | S13: 0.976 | T13: 633.35 | U13: 0 | X13: 194.1
A14: Algeria | B14: Africa | C14: Lower-middle | D14: 2012 | E14: 37646165 | F14: 498417638719 | G14: 57.4 | H14: 57.35 | I14: 0 | J14: 0 | K14: 0.62 | L14: 0.62 | M14: 0 | N14: 56.78 | O14: 0 | P14: 0 | Q14: 1.08 | R14: 98.92 | S14: 1.08 | T14: 632.75 | U14: 0 | X14: 24
... A17: Algeria | B17: Africa | C17: Lower-middle | D17: 2015 | E17: 40019528 | F17: 551521739825 | G17: 68.84 | H17: 68.81 | I17: 0.06 | J17: 0.02 | K17: 0.22 | L17: 0.14 | M17: 0 | N17: 68.62 | O17: 0.087 | P17: 0.029 | Q17: 0.32 | R17: 99.68 | S17: 0.32 | T17: 637.42 | U17: 0.04 | X17: -12
A18: Algeria | B18: Africa | C18: Lower-middle | D18: 2016 | E18: 40850719 | F18: 569170418715 | G18: 71.04 | H18: 70.79 | I18: 0.09 | J18: 0.03 | K18: 0.34 | L18: 0.22 | M18: 0 | N18: 70.7 | O18: 0.127 | P18: 0.042 | Q18: 0.479 | R18: 99.521 | S18: 0.479 | T18: 636.4 | U18: 0.05 | V18: 50 | W18: 50 | X18: 54.5
A19: Algeria | B19: Africa | C19: Lower-middle | D19: 2017 | E19: 41689302 | F19: 577138830559 | G19: 76.07 | H19: 75.73 | I19: 0.57 | J19: 0.01 | K19: 0.64 | L19: 0.06 | M19: 0 | N19: 75.43 | O19: 0.749 | P19: 0.013 | Q19: 0.841 | R19: 99.159 | S19: 0.841 | T19: 634.15 | U19: 0.26 | V19: 533.3 | W19: -66.7 | X19: 88.2
A20: Algeria | B20: Africa | C20: Lower-middle | D20: 2018 | E20: 42505033 | F20: 584064441740 | G20: 76.75 | H20: 76.66 | I20: 0.69 | J20: 0.01 | K20: 0.82 | L20: 0.12 | M20: 0 | N20: 75.93 | O20: 0.899 | P20: 0.013 | Q20: 1.068 | R20: 98.932 | S20: 1.068 | T20: 632.7 | U20: 0.32 | V20: 21.1 | W20: 0 | X20: 28.1
A21: Algeria | B21: Africa | C21: Lower-middle | D21: 2019 | E21: 43294551 | F21: 589905104177 | G21: 81.61 | H21: 81.47 | I21: 0.71 | J21: 0.01 | K21: 0.87 | L21: 0.15 | M21: 0 | N21: 80.74 | O21: 0.87 | P21: 0.012 | Q21: 1.066 | R21: 98.934 | S21: 1.066 | T21: 632.77 | U21: 0.32 | V21: 2.9 | W21: 0 | X21: 6.1
A22: Algeria | B22: Africa | C22: Lower-middle | D22: 2020 | E22: 44042094 | F22: 559819958223 | G22: 79.37 | H22: 79.31 | I22: 0.82 | J22: 0.01 | K22: 0.88 | L22: 0.05 | M22: 0 | N22: 78.49 | O22: 1.033 | P22: 0.013 | Q22: 1.109 | R22: 98.891 | S22: 1.109 | T22: 632.61 | U22: 0.37 | V22: 15.5 | W22: 0 | X22: 1.1 | Y22: 27% renewables by 2030 plan
A23: Algeria | B23: Africa | C23: Lower-middle | D23: 2021 | E23: 44761099 | F23: 578853830170 | G23: 85.6 | H23: 84.45 | I23: 0.79 | J23: 0.01 | K23: 0.81 | L23: 0.01 | M23: 0 | N23: 84.79 | O23: 0.923 | P23: 0.012 | Q23: 0.946 | R23: 99.054 | S23: 0.946 | T23: 633.53 | U23: 0.36 | V23: -3.7 | W23: 0 | X23: -8
A24: Algeria | B24: Africa | C24: Lower-middle | D24: 2022 | E24: 45477391 | F24: 595820067103 | G24: 91.47 | H24: 88.9 | I24: 0.83 | J24: 0.01 | K24: 0.86 | L24: 0.02 | M24: 0 | N24: 90.61 | O24: 0.907 | P24: 0.011 | Q24: 0.94 | R24: 99.06 | S24: 0.94 | T24: 633.65 | U24: 0.38 | V24: 5.1 | W24: 0 | X24: 6.2
A25: Algeria | B25: Africa | C25: Lower-middle | D25: 2023 | E25: 46164222 | G25: 95.88 | H25: 93.44 | I25: 0.87 | J25: 0.02 | K25: 0.91 | L25: 0.02 | M25: 0 | N25: 94.97 | O25: 0.907 | P25: 0.021 | Q25: 0.949 | R25: 99.051 | S25: 0.949 | T25: 633.61 | U25: 0.4 | V25: 4.8 | W25: 100 | X25: 5.8
A26: Algeria | B26: Africa | C26: Lower-middle | D26: 2024 | E26: 46814302 | G26: 96.36 | H26: 93.84 | I26: 0.99 | J26: 0.02 | K26: 1.03 | L26: 0.02 | M26: 0 | N26: 95.33 | O26: 1.027 | P26: 0.021 | Q26: 1.069 | R26: 98.931 | S26: 1.069 | T26: 632.94 | U26: 0.45 | V26: 13.8 | W26: 0 | X26: 13.2
A27: Argentina | B27: South America | C27: Upper-middle | D27: 2000 | E27: 37213986 | F27: 536480965694 | G27: 88.98 | H27: 90.2 | I27: 0 | J27: 0.03 | K27: 29 | L27: 28.58 | M27: 6.18 | N27: 53.8 | O27: 0 | P27: 0.034 | Q27: 32.592 | R27: 60.463 | S27: 39.537 | T27: 355.47 | U27: 0.01
A28: Argentina | B28: South America | C28: Upper-middle | D28: 2001 | E28: 37624817 | F28: 514867255248 | G28: 90.14 | H28: 91.89 | I28: 0 | J28: 0.05 | K28: 36.99 | L28: 36.58 | M28: 7.06 | N28: 46.09 | O28: 0 | P28: 0.055 | Q28: 41.036 | R28: 51.132 | S28: 48.868 | T28: 302.09 | U28: 0.02 | W28: 66.7 | X28: 27.6
A29: Argentina | B29: South America | C29: Upper-middle | D29: 2002 | E29: 38029345 | F29: 460558541367 | G29: 84.59 | H29: 90.51 | I29: 0 | J29: 0.07 | K29: 36.38 | L29: 35.78 | M29: 5.82 | N29: 42.39 | O29: 0 | P29: 0.083 | Q29: 43.007 | R29: 50.112 | S29: 49.888 | T29: 294.83 | U29: 0.03 | W29: 40 | X29: -1.6
A30: Argentina | B30: South America | C30: Upper-middle | D30: 2003 | E30: 38424283 | F30: 503104157615 | G30: 92.07 | H30: 97.1 | I30: 0 | J30: 0.08 | K30: 34.76 | L30: 33.8 | M30: 7.57 | N30: 49.74 | O30: 0 | P30: 0.087 | Q30: 37.754 | R30: 54.024 | S30: 45.976 | T30: 316.39 | U30: 0.04 | W30: 14.3 | X30: -4.5
A31: Argentina | B31: South America | C31: Upper-middle | D31: 2004 | E31: 38815915 | F31: 550306327169 | G31: 100.26 | H31: 103.73 | I31: 0 | J31: 0.07 | K31: 31.4 | L31: 30.46 | M31: 7.87 | N31: 60.99 | O31: 0 | P31: 0.07 | Q31: 31.319 | R31: 60.832 | S31: 39.168 | T31: 357.67 | U31: 0.03 | W31: -12.5 | X31: -9.7
A32: Argentina | B32: South America | C32: Upper-middle | D32: 2005 | E32: 39216786 | F32: 601050418142 | G32: 105.75 | H32: 109.63 | I32: 0 | J32: 0.07 | K32: 35.21 | L32: 34.22 | M32: 6.87 | N32: 63.67 | O32: 0 | P32: 0.066 | Q32: 33.296 | R32: 60.208 | S32: 39.792 | T32: 357.16 | U32: 0.03 | W32: 0 | X32: 12.1
A33: Argentina | B33: South America | C33: Upper-middle | D33: 2006 | E33: 39622113 | F33: 652296814311 | G33: 113.43 | H33: 115.79 | I33: 0 | J33: 0.07 | K33: 39.14 | L33: 38.02 | M33: 7.72 | N33: 66.57 | O33: 0 | P33: 0.062 | Q33: 34.506 | R33: 58.688 | S33: 41.312 | T33: 349.91 | U33: 0.03 | W33: 0 | X33: 11.2
A34: Argentina | B34: South America | C34: Upper-middle | D34: 2007 | E34: 40016767 | F34: 714725198062 | G34: 113.52 | H34: 121.12 | I34: 0 | J34: 0.06 | K34: 32.35 | L34: 31.22 | M34: 7.25 | N34: 73.92 | O34: 0 | P34: 0.053 | Q34: 28.497 | R34: 65.116 | S34: 34.884 | T34: 388.04 | U34: 0.03 | W34: -14.3 | X34: -17.3
A35: Argentina | B35: South America | C35: Upper-middle | D35: 2008 | E35: 40424151 | F35: 747157417513 | G35: 121.91 | H35: 127.39 | I35: 0 | J35: 0.04 | K35: 32.45 | L35: 31.2 | M35: 7.39 | N35: 82.07 | O35: 0 | P35: 0.033 | Q35: 26.618 | R35: 67.32 | S35: 32.68 | T35: 400.62 | U35: 0.02 | W35: -33.3 | X35: 0.3
A36: Argentina | B36: South America | C36: Upper-middle | D36: 2009 | E36: 40854832 | F36: 705920838368 | G36: 122.32 | H36: 128.48 | I36: 0 | J36: 0.04 | K36: 35.85 | L36: 34.62 | M36: 8.18 | N36: 78.29 | O36: 0 | P36: 0.033 | Q36: 29.308 | R36: 64.004 | S36: 35.996 | T36: 382.36 | U36: 0.02 | W36: 0 | X36: 10.5
A37: Argentina | B37: South America | C37: Upper-middle | D37: 2010 | E37: 41288694 | F37: 785785170150 | G37: 126 | H37: 134.6 | I37: 0 | J37: 0.03 | K37: 34.77 | L37: 33.36 | M37: 7.21 | N37: 84.02 | O37: 0 | P37: 0.024 | Q37: 27.595 | R37: 66.683 | S37: 33.317 | T37: 401.59 | U37: 0.01 | W37: -25 | X37: -3
A38: Argentina | B38: South America | C38: Upper-middle | D38: 2011 | E38: 41730655 | F38: 837742673804 | G38: 129.49 | H38: 139.16 | I38: 0 | J38: 0.03 | K38: 32.61 | L38: 31.19 | M38: 6.4 | N38: 90.48 | O38: 0 | P38: 0.023 | Q38: 25.183 | R38: 69.874 | S38: 30.126 | T38: 419.88 | U38: 0.01 | W38: 0 | X38: -6.2
A39: Argentina | B39: South America | C39: Upper-middle | D39: 2012 | E39: 42161718 | F39: 829147409948 | G39: 136.02 | H39: 143.63 | I39: 0.01 | J39: 0.37 | K39: 30.99 | L39: 29.16 | M39: 6.4 | N39: 98.63 | O39: 0.007 | P39: 0.272 | Q39: 22.783 | R39: 72.511 | S39: 27.489 | T39: 432.14 | U39: 0.17 | W39: 1133.3 | X39: -5
A40: Argentina | B40: South America | C40: Upper-middle | D40: 2013 | E40: 42582453 | F40: 849088398588 | G40: 139.45 | H40: 147.51 | I40: 0.02 | J40: 0.45 | K40: 34.77 | L40: 32.77 | M40: 6.21 | N40: 98.47 | O40: 0.014 | P40: 0.323 | Q40: 24.934 | R40: 70.613 | S40: 29.387 | T40: 422.23 | U40: 0.21 | V40: 100 | W40: 21.6 | X40: 12.2
A41: Argentina | B41: South America | C41: Upper-middle | D41: 2014 | E41: 43024071 | F41: 827750786191 | G41: 138.54 | H41: 148.4 | I41: 0.02 | J41: 0.62 | K41: 34.54 | L41: 32.42 | M41: 5.51 | N41: 98.49 | O41: 0.014 | P41: 0.448 | Q41: 24.931 | R41: 71.091 | S41: 28.909 | T41: 424.14 | U41: 0.29 | V41: 0 | W41: 37.8 | X41: -0.7
A42: Argentina | B42: South America | C42: Upper-middle | D42: 2015 | E42: 43477011 | F42: 850356641236 | G42: 145.42 | H42: 154.38 | I42: 0.01 | J42: 0.59 | K42: 34.43 | L42: 32.34 | M42: 7.04 | N42: 103.95 | O42: 0.007 | P42: 0.406 | Q42: 23.676 | R42: 71.483 | S42: 28.517 | T42: 426.56 | U42: 0.27 | V42: -50 | W42: -4.8 | X42: -0.3
A43: Argentina | B43: South America | C43: Upper-middle | D43: 2016 | E43: 43900312 | F43: 832669278245 | G43: 147.18 | H43: 156.7 | I43: 0.01 | J43: 0.55 | K43: 31.49 | L43: 29.75 | M43: 8.28 | N43: 107.41 | O43: 0.007 | P43: 0.374 | Q43: 21.396 | R43: 72.979 | S43: 27.021 | T43: 431.92 | U43: 0.25 | V43: 0 | W43: -6.8 | X43: -8.5
A44: Argentina | B44: South America | C44: Upper-middle | D44: 2017 | E44: 44288898 | F44: 856142153676 | G44: 145.61 | H44: 156.07 | I44: 0.02 | J44: 0.61 | K44: 33.68 | L44: 31.59 | M44: 6.09 | N44: 105.84 | O44: 0.014 | P44: 0.419 | Q44: 23.13 | R44: 72.687 | S44: 27.313 | T44: 425.38 | U44: 0.28 | V44: 100 | W44: 10.9 | X44: 7
A45: Argentina | B45: South America | C45: Upper-middle | D45: 2018 | E45: 44654876 | F45: 833736983405 | G45: 146.78 | H45: 156.34 | I45: 0.11 | J45: 1.41 | K45: 35.22 | L45: 32.28 | M45: 6.87 | N45: 104.69 | O45: 0.075 | P45: 0.961 | Q45: 23.995 | R45: 71.324 | S45: 28.676 | T45: 414.29 | U45: 0.68 | V45: 450 | W45: 131.1 | X45: 4.6
A46: Argentina | B46: South America | C46: Upper-middle | D46: 2019 | E46: 44973469 | F46: 817053926667 | G46: 139.53 | H46: 150.22 | I46: 0.8 | J46: 5 | K46: 34.78 | L46: 27.5 | M46: 8.44 | N46: 96.31 | O46: 0.573 | P46: 3.583 | Q46: 24.927 | R46: 69.025 | S46: 30.975 | T46: 397.62 | U46: 2.61 | V46: 627.3 | W46: 254.6 | X46: -1.2
A47: Argentina | B47: South America | C47: Upper-middle | D47: 2020 | E47: 45191960 | F47: 735814250460 | G47: 144.64 | H47: 149.35 | I47: 1.34 | J47: 9.41 | K47: 36.62 | L47: 23.67 | M47: 10.01 | N47: 98.01 | O47: 0.926 | P47: 6.506 | Q47: 25.318 | R47: 67.761 | S47: 32.239 | T47: 394.7 | U47: 4.84 | V47: 67.5 | W47: 88.2 | X47: 5.3
A48: Argentina | B48: South America | C48: Upper-middle | D48: 2021 | E48: 45312282 | F48: 812324184006 | G48: 153.15 | H48: 155.65 | I48: 2.2 | J48: 12.94 | K48: 37.04 | L48: 19.65 | M48: 10.17 | N48: 105.94 | O48: 1.437 | P48: 8.449 | Q48: 24.185 | R48: 69.174 | S48: 30.826 | T48: 406.99 | U48: 6.81 | V48: 64.2 | W48: 37.5 | X48: 1.1 | Y48: Net zero 2050 NDC update
A49: Argentina | B49: South America | C49: Upper-middle | D49: 2022 | E49: 45407904 | F49: 854914363923 | G49: 145.61 | H49: 158.49 | I49: 2.94 | J49: 14.16 | K49: 42.27 | L49: 22.77 | M49: 7.47 | N49: 95.87 | O49: 2.019 | P49: 9.725 | Q49: 29.03 | R49: 65.84 | S49: 34.16 | T49: 392.69 | U49: 7.7 | V49: 33.6 | W49: 9.4 | X49: 14.1
A50: Argentina | B50: South America | C50: Upper-middle | D50: 2023 | E50: 45538402 | G50: 148.56 | H50: 163.9 | I50: 3.28 | J50: 14.48 | K50: 51.65 | L50: 31.49 | M50: 8.96 | N50: 87.95 | O50: 2.208 | P50: 9.747 | Q50: 34.767 | R50: 59.202 | S50: 40.798 | T50: 350.9 | U50: 7.99 | V50: 11.6 | W50: 2.3 | X50: 22.2
A51: Argentina | B51: South America | C51: Upper-middle | D51: 2024 | E51: 45696153 | G51: 152.51 | H51: 161.68 | I51: 3.97 | J51: 16.17 | K51: 52.44 | L51: 29.67 | M51: 10.45 | N51: 89.62 | O51: 2.603 | P51: 10.603 | Q51: 34.385 | R51: 58.763 | S51: 41.237 | T51: 344.83 | U51: 9.06 | V51: 21 | W51: 11.7 | X51: 1.5
A52: Argentina | B52: South America | C52: Upper-middle | D52: 2025 | E52: 45851379 | G52: 153.15 | H52: 162.45 | I52: 5.14 | J52: 18.62 | K52: 52.96 | L52: 26.25 | M52: 10.76 | N52: 89.43 | O52: 3.356 | P52: 12.158 | Q52: 34.58 | R52: 58.394 | S52: 41.606 | T52: 346 | U52: 10.69 | V52: 29.5 | W52: 15.2 | X52: 1
A53: Australia | B53: Oceania | C53: High | D53: 2000 | E53: 19132472 | F53: 692059312020 | G53: 216.83 | H53: 216.83 | I53: 0.05 | J53: 0.13 | K53: 17.54 | L53: 16.47 | M53: 0 | N53: 199.29 | O53: 0.023 | P53: 0.06 | Q53: 8.089 | R53: 91.911 | S53: 8.089 | T53: 805.98 | U53: 0.08
A54: Australia | B54: Oceania | C54: High | D54: 2001 | E54: 19365438 | F54: 713890072308 | G54: 224.26 | H54: 224.26 | I54: 0.05 | J54: 0.29 | K54: 17.26 | L54: 16.12 | M54: 0 | N54: 207 | O54: 0.022 | P54: 0.129 | Q54: 7.696 | R54: 92.304 | S54: 7.696 | T54: 803.13 | U54: 0.15 | V54: 0 | W54: 123.1 | X54: -1.6
A55: Australia | B55: Oceania | C55: High | D55: 2002 | E55: 19595356 | F55: 747065694937 | G55: 223.49 | H55: 223.49 | I55: 0.06 | J55: 0.53 | K55: 17.95 | L55: 16.09 | M55: 0 | N55: 205.54 | O55: 0.027 | P55: 0.237 | Q55: 8.032 | R55: 91.968 | S55: 8.032 | T55: 794.67 | U55: 0.27 | V55: 20 | W55: 82.8 | X55: 4
A56: Australia | B56: Oceania | C56: High | D56: 2003 | E56: 19819449 | F56: 774450991263 | G56: 225.95 | H56: 225.95 | I56: 0.06 | J56: 0.7 | K56: 18.66 | L56: 16.21 | M56: 0 | N56: 207.29 | O56: 0.027 | P56: 0.31 | Q56: 8.258 | R56: 91.742 | S56: 8.258 | T56: 792.17 | U56: 0.34 | V56: 0 | W56: 32.1 | X56: 4
A57: Australia | B57: Oceania | C57: High | D57: 2004 | E57: 20046679 | F57: 809792445090 | G57: 229.23 | H57: 229.23 | I57: 0.07 | J57: 0.8 | K57: 19.38 | L57: 15.69 | M57: 0 | N57: 209.85 | O57: 0.031 | P57: 0.349 | Q57: 8.454 | R57: 91.546 | S57: 8.454 | T57: 792.83 | U57: 0.39 | V57: 16.7 | W57: 14.3 | X57: 3.9
A58: Australia | B58: Oceania | C58: High | D58: 2005 | E58: 20294490 | F58: 840092380696 | G58: 230.74 | H58: 230.74 | I58: 0.08 | J58: 1.3 | K58: 20.72 | L58: 15.47 | M58: 0 | N58: 210.02 | O58: 0.035 | P58: 0.563 | Q58: 8.98 | R58: 91.02 | S58: 8.98 | T58: 791.8 | U58: 0.62 | V58: 14.3 | W58: 62.5 | X58: 6.9
A59: Australia | B59: Oceania | C59: High | D59: 2006 | E59: 20590566 | F59: 866678665246 | G59: 237.99 | H59: 237.99 | I59: 0.1 | J59: 2.16 | K59: 21.14 | L59: 14.95 | M59: 0 | N59: 216.85 | O59: 0.042 | P59: 0.908 | Q59: 8.883 | R59: 91.117 | S59: 8.883 | T59: 790.5 | U59: 1.02 | V59: 25 | W59: 66.2 | X59: 2
A60: Australia | B60: Oceania | C60: High | D60: 2007 | E60: 20954545 | F60: 911250727265 | G60: 243.19 | H60: 243.19 | I60: 0.11 | J60: 2.85 | K60: 20.29 | L60: 13.05 | M60: 0 | N60: 222.9 | O60: 0.045 | P60: 1.172 | Q60: 8.343 | R60: 91.657 | S60: 8.343 | T60: 791.15 | U60: 1.33 | V60: 10 | W60: 31.9 | X60: -4
A61: Australia | B61: Oceania | C61: High | D61: 2008 | E61: 21370595 | F61: 937889628737 | G61: 245.38 | H61: 245.38 | I61: 0.14 | J61: 3.46 | K61: 19.12 | L61: 11.82 | M61: 0 | N61: 226.26 | O61: 0.057 | P61: 1.41 | Q61: 7.792 | R61: 92.208 | S61: 7.792 | T61: 791.51 | U61: 1.62 | V61: 27.3 | W61: 21.4 | X61: -5.8
A62: Australia | B62: Oceania | C62: High | D62: 2009 | E62: 21783014 | F62: 963129933389 | G62: 249.9 | H62: 249.9 | I62: 0.29 | J62: 4.44 | K62: 20.16 | L62: 12.64 | M62: 0 | N62: 229.74 | O62: 0.116 | P62: 1.777 | Q62: 8.067 | R62: 91.933 | S62: 8.067 | T62: 785.11 | U62: 2.13 | V62: 107.1 | W62: 28.3 | X62: 5.4
A63: Australia | B63: Oceania | C63: High | D63: 2010 | E63: 22141583 | F63: 993853968687 | G63: 250.97 | H63: 250.97 | I63: 0.98 | J63: 4.99 | K63: 22.16 | L63: 13.75 | M63: 0 | N63: 228.81 | O63: 0.39 | P63: 1.988 | Q63: 8.83 | R63: 91.17 | S63: 8.83 | T63: 775.67 | U63: 2.69 | V63: 237.9 | W63: 12.4 | X63: 9.9
A64: Australia | B64: Oceania | C64: High | D64: 2011 | E64: 22479779 | F64: 1024000293343 | G64: 256.28 | H64: 256.28 | I64: 2.04 | J64: 6.43 | K64: 30.61 | L64: 19.57 | M64: 0 | N64: 225.67 | O64: 0.796 | P64: 2.509 | Q64: 11.944 | R64: 88.056 | S64: 11.944 | T64: 749.42 | U64: 3.81 | V64: 108.2 | W64: 28.9 | X64: 38.1
A65: Australia | B65: Oceania | C65: High | D65: 2012 | E65: 22852648 | F65: 1062662906305 | G65: 250.66 | H65: 250.66 | I65: 2.41 | J65: 7.72 | K65: 30.27 | L65: 17.04 | M65: 0 | N65: 220.39 | O65: 0.961 | P65: 3.08 | Q65: 12.076 | R65: 87.924 | S65: 12.076 | T65: 746.99 | U65: 4.56 | V65: 18.1 | W65: 20.1 | X65: -1.1
... A74: Australia | B74: Oceania | C74: High | D74: 2021 | E74: 25956417 | F74: 1296705194119 | G74: 267.45 | H74: 267.45 | I74: 31.19 | J74: 26.8 | K74: 77.27 | L74: 15.94 | M74: 0 | N74: 190.18 | O74: 11.662 | P74: 10.021 | Q74: 28.891 | R74: 71.109 | S74: 28.891 | T74: 605.91 | U74: 26.1 | V74: 30.8 | W74: 18.5 | X74: 20.2
A75: Australia | B75: Oceania | C75: High | D75: 2022 | E75: 26200987 | F75: 1344251444393 | G75: 272.92 | H75: 272.92 | I75: 37.54 | J75: 30.05 | K75: 87.44 | L75: 16.66 | M75: 0 | N75: 185.48 | O75: 13.755 | P75: 11.011 | Q75: 32.039 | R75: 67.961 | S75: 32.039 | T75: 577.86 | U75: 30.42 | V75: 20.4 | W75: 12.1 | X75: 13.2 | Y75: 82% renewables by 2030 target
A76: Australia | B76: Oceania | C76: High | D76: 2023 | E76: 26451126 | G76: 273.11 | H76: 273.11 | I76: 44.99 | J76: 31.87 | K76: 95.07 | L76: 15.08 | M76: 0 | N76: 178.04 | O76: 16.473 | P76: 11.669 | Q76: 34.81 | R76: 65.19 | S76: 34.81 | T76: 556.7 | U76: 34.59 | V76: 19.8 | W76: 6.1 | X76: 8.7
A77: Australia | B77: Oceania | C77: High | D77: 2024 | E77: 26713206 | G77: 281.64 | H77: 281.64 | I77: 50.21 | J77: 32.74 | K77: 98.79 | L77: 12.85 | M77: 0 | N77: 182.85 | O77: 17.828 | P77: 11.625 | Q77: 35.077 | R77: 64.923 | S77: 35.077 | T77: 553.83 | U77: 37.33 | V77: 11.6 | W77: 2.7 | X77: 3.9
A78: Australia | B78: Oceania | C78: High | D78: 2025 | E78: 26974024 | G78: 286.34 | H78: 286.34 | I78: 56.09 | J78: 39.23 | K78: 110.58 | L78: 12.22 | N78: 175.76 | O78: 19.589 | P78: 13.7 | Q78: 38.618 | R78: 61.382 | S78: 38.618 | T78: 525.18 | U78: 42.89 | V78: 11.7 | W78: 19.8 | X78: 11.9
A79: Austria | B79: Europe | C79: High | D79: 2000 | E79: 8012929 | F79: 280410163017 | G79: 59.64 | H79: 58.27 | I79: 0 | J79: 0.07 | K79: 43.44 | L79: 41.84 | M79: 0 | N79: 16.2 | O79: 0 | P79: 0.117 | Q79: 72.837 | R79: 27.163 | S79: 72.837 | T79: 203.39 | U79: 0.03
A80: Austria | B80: Europe | C80: High | D80: 2001 | E80: 8042233 | F80: 285335695766 | G80: 60.98 | H80: 61.2 | I80: 0.01 | J80: 0.1 | K80: 42.24 | L80: 40.46 | M80: 0 | N80: 18.74 | O80: 0.016 | P80: 0.164 | Q80: 69.269 | R80: 30.731 | S80: 69.269 | T80: 229.09 | U80: 0.05 | W80: 42.9 | X80: -2.8
A81: Austria | B81: Europe | C81: High | D81: 2002 | E81: 8081640 | F81: 291231427735 | G81: 60.63 | H81: 61.33 | I81: 0.01 | J81: 0.14 | K81: 41.9 | L81: 40.23 | M81: 0 | N81: 18.73 | O81: 0.016 | P81: 0.231 | Q81: 69.108 | R81: 30.892 | S81: 69.108 | T81: 226.13 | U81: 0.07 | V81: 0 | W81: 40 | X81: -0.8
A82: Austria | B82: Europe | C82: High | D82: 2003 | E82: 8122604 | F82: 294489280951 | G82: 57.97 | H82: 63.58 | I82: 0.01 | J82: 0.37 | K82: 35.24 | L82: 33.21 | M82: 0 | N82: 22.73 | O82: 0.017 | P82: 0.638 | Q82: 60.79 | R82: 39.21 | S82: 60.79 | T82: 282.39 | U82: 0.17 | V82: 0 | W82: 164.3 | X82: -15.9
A83: Austria | B83: Europe | C83: High | D83: 2004 | E83: 8173496 | F83: 303692479841 | G83: 61.85 | H83: 64.93 | I83: 0.02 | J83: 0.93 | K83: 39.62 | L83: 36.76 | M83: 0 | N83: 22.23 | O83: 0.032 | P83: 1.504 | Q83: 64.058 | R83: 35.942 | S83: 64.058 | T83: 259.34 | U83: 0.43 | V83: 100 | W83: 151.4 | X83: 12.4
A84: Austria | B84: Europe | C84: High | D84: 2005 | E84: 8229204 | F84: 311441138652 | G84: 64.37 | H84: 66.99 | I84: 0.02 | J84: 1.33 | K84: 40.88 | L84: 37.1 | M84: 0 | N84: 23.49 | O84: 0.031 | P84: 2.066 | Q84: 63.508 | R84: 36.492 | S84: 63.508 | T84: 254 | U84: 0.61 | V84: 0 | W84: 43 | X84: 3.2
A85: Austria | B85: Europe | C85: High | D85: 2006 | E85: 8269901 | F85: 323236897651 | G85: 62.21 | H85: 68.55 | I85: 0.02 | J85: 1.75 | K85: 40.66 | L85: 35.66 | M85: 0 | N85: 21.55 | O85: 0.032 | P85: 2.813 | Q85: 65.359 | R85: 34.641 | S85: 65.359 | T85: 253.01 | U85: 0.8 | V85: 0 | W85: 31.6 | X85: -0.5
A86: Austria | B86: Europe | C86: High | D86: 2007 | E86: 8296948 | F86: 336303973991 | G86: 62.83 | H86: 68.85 | I86: 0.02 | J86: 2.04 | K86: 43.17 | L86: 37.05 | M86: 0 | N86: 19.66 | O86: 0.032 | P86: 3.247 | Q86: 68.709 | R86: 31.291 | S86: 68.709 | T86: 232.69 | U86: 0.93 | V86: 0 | W86: 16.6 | X86: 6.2
A87: Austria | B87: Europe | C87: High | D87: 2008 | E87: 8323250 | F87: 342892519161 | G87: 64.38 | H87: 69.24 | I87: 0.03 | J87: 2.01 | K87: 44.53 | L87: 38.33 | M87: 0 | N87: 19.85 | O87: 0.047 | P87: 3.122 | Q87: 69.167 | R87: 30.833 | S87: 69.167 | T87: 220.41 | U87: 0.92 | V87: 50 | W87: -1.5 | X87: 3.2
A88: Austria | B88: Europe | C88: High | D88: 2009 | E88: 8345073 | F88: 331119036991 | G88: 66.21 | H88: 66.99 | I88: 0.05 | J88: 1.95 | K88: 47.18 | L88: 40.9 | M88: 0 | N88: 19.03 | O88: 0.076 | P88: 2.945 | Q88: 71.258 | R88: 28.742 | S88: 71.258 | T88: 195.89 | U88: 0.9 | V88: 66.7 | W88: -3 | X88: 6
A89: Austria | B89: Europe | C89: High | D89: 2010 | E89: 8365087 | F89: 338832243101 | G89: 67.82 | H89: 70.26 | I89: 0.09 | J89: 2.06 | K89: 44.99 | L89: 38.36 | M89: 0 | N89: 22.83 | O89: 0.133 | P89: 3.037 | Q89: 66.337 | R89: 33.663 | S89: 66.337 | T89: 226.78 | U89: 0.97 | V89: 80 | W89: 5.6 | X89: -4.6
A90: Austria | B90: Europe | C90: High | D90: 2011 | E90: 8393272 | F90: 349713455451 | G90: 62.2 | H90: 70.4 | I90: 0.17 | J90: 1.94 | K90: 40.91 | L90: 34.24 | M90: 0 | N90: 21.29 | O90: 0.273 | P90: 3.119 | Q90: 65.772 | R90: 34.228 | S90: 65.772 | T90: 238.59 | U90: 0.95 | V90: 88.9 | W90: -5.8 | X90: -9.1
A91: Austria | B91: Europe | C91: High | D91: 2012 | E91: 8431599 | F91: 352093108730 | G91: 68.65 | H91: 71.45 | I91: 0.34 | J91: 2.46 | K91: 51.33 | L91: 43.85 | M91: 0 | N91: 17.32 | O91: 0.495 | P91: 3.583 | Q91: 74.771 | R91: 25.229 | S91: 74.771 | T91: 185.87 | U91: 1.26 | V91: 100 | W91: 26.8 | X91: 25.5
A92: Austria | B92: Europe | C92: High | D92: 2013 | E92: 8481411 | F92: 352182904722 | G92: 64.55 | H92: 71.82 | I92: 0.63 | J92: 3.15 | K92: 50.5 | L92: 42.02 | M92: 0 | N92: 14.05 | O92: 0.976 | P92: 4.88 | Q92: 78.234 | R92: 21.766 | S92: 78.234 | T92: 173.35 | U92: 1.7 | V92: 85.3 | W92: 28 | X92: -1.6
... A98: Austria | B98: Europe | C98: High | D98: 2019 | E98: 8880876 | F98: 388344674039 | G98: 70.69 | H98: 73.82 | I98: 1.7 | J98: 7.45 | K98: 54.64 | L98: 40.83 | M98: 0 | N98: 16.05 | O98: 2.405 | P98: 10.539 | Q98: 77.295 | R98: 22.705 | S98: 77.295 | T98: 152.78 | U98: 4.12 | V98: 16.4 | W98: 23.5 | X98: 9.1
A99: Austria | B99: Europe | C99: High | D99: 2020 | E99: 8921402 | F99: 363281092036 | G99: 69.03 | H99: 71.23 | I99: 2.04 | J99: 6.79 | K99: 55.42 | L99: 42 | M99: 0 | N99: 13.61 | O99: 2.955 | P99: 9.836 | Q99: 80.284 | R99: 19.716 | S99: 80.284 | T99: 133.28 | U99: 3.97 | V99: 20 | W99: -8.9 | X99: 1.4 | Y99: 100% renewable electricity by 2030 goal
A100: Austria | B100: Europe | C100: High | D100: 2021 | E100: 8967053 | F100: 379835198584 | G100: 66.67 | H100: 74.21 | I100: 2.78 | J100: 6.74 | K100: 52.75 | L100: 38.75 | M100: 0 | N100: 13.92 | O100: 4.17 | P100: 10.109 | Q100: 79.121 | R100: 20.879 | S100: 79.121 | T100: 135.29 | U100: 4.28 | V100: 36.3 | W100: -0.7 | X100: -4.8
A101: Austria | B101: Europe | C101: High | D101: 2022 | E101: 9064678 | F101: 398815419150 | G101: 64.47 | H101: 73.17 | I101: 3.79 | J101: 7.24 | K101: 50.41 | L101: 34.63 | M101: 0 | N101: 14.06 | O101: 5.879 | P101: 11.23 | Q101: 78.191 | R101: 21.809 | S101: 78.191 | T101: 140.84 | U101: 4.96 | V101: 36.3 | W101: 7.4 | X101: -4.4
A102: Austria | B102: Europe | C102: High | D102: 2023 | E102: 9130434 | G102: 70.98 | H102: 70.91 | I102: 6.89 | J102: 8.04 | K102: 60.16 | L102: 40.67 | M102: 0 | N102: 10.82 | O102: 9.707 | P102: 11.327 | Q102: 84.756 | R102: 15.244 | S102: 84.756 | T102: 111.72 | U102: 6.72 | V102: 81.8 | W102: 11 | X102: 19.3
A103: Austria | B103: Europe | C103: High | D103: 2024 | E103: 9120815 | G103: 78.47 | H103: 71.69 | I103: 8.14 | J103: 9.14 | K103: 67.66 | L103: 45.71 | M103: 0 | N103: 10.81 | O103: 10.373 | P103: 11.648 | Q103: 86.224 | R103: 13.776 | S103: 86.224 | T103: 103.48 | U103: 7.78 | V103: 18.1 | W103: 13.7 | X103: 12.5
A104: Austria | B104: Europe | C104: High | D104: 2025 | E104: 9113578 | G104: 73.22 | H104: 75.84 | I104: 10.31 | J104: 8.31 | K104: 61.21 | L104: 37.93 | M104: 0 | N104: 12.01 | O104: 14.081 | P104: 11.349 | Q104: 83.597 | R104: 16.403 | S104: 83.597 | T104: 116.91 | U104: 8.38 | V104: 26.7 | W104: -9.1 | X104: -9.5
A105: Bangladesh | B105: Asia | C105: Lower-middle | D105: 2000 | E105: 134544303 | F105: 200824294390 | G105: 15.94 | H105: 15.94 | I105: 0 | J105: 0 | K105: 0.94 | L105: 0.94 | M105: 0 | N105: 15 | O105: 0 | P105: 0 | Q105: 5.897 | R105: 94.103 | S105: 5.897 | T105: 645.55 | U105: 0
A106: Bangladesh | B106: Asia | C106: Lower-middle | D106: 2001 | E106: 136805810 | F106: 213164797419 | G106: 17.38 | H106: 17.38 | I106: 0 | J106: 0 | K106: 0.98 | L106: 0.98 | M106: 0 | N106: 16.4 | O106: 0 | P106: 0 | Q106: 5.639 | R106: 94.361 | S106: 5.639 | T106: 647.3 | U106: 0 | X106: 4.3
A107: Bangladesh | B107: Asia | C107: Lower-middle | D107: 2002 | E107: 138933659 | F107: 226285297151 | G107: 18.95 | H107: 18.95 | I107: 0 | J107: 0 | K107: 1.05 | L107: 1.05 | M107: 0 | N107: 17.9 | O107: 0 | P107: 0 | Q107: 5.541 | R107: 94.459 | S107: 5.541 | T107: 647.49 | U107: 0 | X107: 7.1
A108: Bangladesh | B108: Asia | C108: Lower-middle | D108: 2003 | E108: 140970355 | F108: 242325893842 | G108: 20.07 | H108: 20.07 | I108: 0 | J108: 0 | K108: 1.12 | L108: 1.12 | M108: 0 | N108: 18.95 | O108: 0 | P108: 0 | Q108: 5.58 | R108: 94.42 | S108: 5.58 | T108: 648.23 | U108: 0 | X108: 6.7
A109: Bangladesh | B109: Asia | C109: Lower-middle | D109: 2004 | E109: 142902857 | F109: 260372737862 | G109: 25.13 | H109: 25.13 | I109: 0 | J109: 0 | K109: 1.21 | L109: 1.21 | M109: 0 | N109: 23.92 | O109: 0 | P109: 0 | Q109: 4.815 | R109: 95.185 | S109: 4.815 | T109: 653 | U109: 0 | X109: 8
A110: Bangladesh | B110: Asia | C110: Lower-middle | D110: 2005 | E110: 144715789 | F110: 280264340330 | G110: 26.96 | H110: 26.96 | I110: 0 | J110: 0 | K110: 1.28 | L110: 1.28 | M110: 0 | N110: 25.68 | O110: 0 | P110: 0 | Q110: 4.748 | R110: 95.252 | S110: 4.748 | T110: 654.67 | U110: 0 | X110: 5.8
A111: Bangladesh | B111: Asia | C111: Lower-middle | D111: 2006 | E111: 146405983 | F111: 303255436424 | G111: 30.16 | H111: 30.16 | I111: 0.01 | J111: 0 | K111: 1.39 | L111: 1.38 | M111: 0 | N111: 28.77 | O111: 0.033 | P111: 0 | Q111: 4.609 | R111: 95.391 | S111: 4.609 | T111: 655.84 | U111: 0 | X111: 8.6
A112: Bangladesh | B112: Asia | C112: Lower-middle | D112: 2007 | E112: 147989282 | F112: 327072515722 | G112: 30.99 | H112: 30.99 | I112: 0.02 | J112: 0 | K112: 0.76 | L112: 0.74 | M112: 0 | N112: 30.23 | O112: 0.065 | P112: 0 | Q112: 2.452 | R112: 97.548 | S112: 2.452 | T112: 673.12 | U112: 0.01 | V112: 100 | X112: -45.3
A113: Bangladesh | B113: Asia | C113: Lower-middle | D113: 2008 | E113: 149474264 | F113: 349461394439 | G113: 34.23 | H113: 34.23 | I113: 0.02 | J113: 0 | K113: 0.96 | L113: 0.94 | M113: 0 | N113: 33.27 | O113: 0.058 | P113: 0 | Q113: 2.805 | R113: 97.195 | S113: 2.805 | T113: 672.51 | U113: 0.01 | V113: 0 | X113: 26.3
A114: Bangladesh | B114: Asia | C114: Lower-middle | D114: 2009 | E114: 150873716 | F114: 372693237092 | G114: 37.23 | H114: 37.23 | I114: 0.03 | J114: 0 | K114: 0.47 | L114: 0.44 | M114: 0 | N114: 36.76 | O114: 0.081 | P114: 0 | Q114: 1.262 | R114: 98.738 | S114: 1.262 | T114: 681.98 | U114: 0.01 | V114: 50 | X114: -51
A115: Bangladesh | B115: Asia | C115: Lower-middle | D115: 2010 | E115: 152201978 | F115: 400087800634 | G115: 40.86 | H115: 40.86 | I115: 0.07 | J115: 0 | K115: 0.83 | L115: 0.76 | M115: 0 | N115: 40.03 | O115: 0.171 | P115: 0 | Q115: 2.031 | R115: 97.969 | S115: 2.031 | T115: 675.23 | U115: 0.03 | V115: 133.3 | X115: 76.6
...

Sheet country_scorecard
A1: country | B1: renewables_2024 | C1: renewables_2000 | D1: change | E1: carbon_intensity_2024 | F1: transition_score
A2: Venezuela | B2: =AVERAGEIFS(global_renewable_energy_transit!Q:Q,global_renewable_energy_transit!A:A,A2,global_renewable_energy_transit!D:D,2024) -> 91.139 | C2: =AVERAGEIFS(global_renewable_energy_transit!Q:Q,global_renewable_energy_transit!A:A,A2,global_renewable_energy_transit!D:D,2000) -> 73.754 | D2: =B2-C2 -> 17.385 | E2: =AVERAGEIFS(global_renewable_energy_transit!S:S,global_renewable_energy_transit!A:A,A2,global_renewable_energy_transit!D:D,2024) -> 91.139 | F2: =((B2/100)*0.5)+((D2/100)*0.3)+((1-(E2/1000))*0.2) -> 0.6896222
A3: Norway | B3: =AVERAGEIFS(global_renewable_energy_transit!Q:Q,global_renewable_energy_transit!A:A,A3,global_renewable_energy_transit!D:D,2024) -> 98.606 | C3: =AVERAGEIFS(global_renewable_energy_transit!Q:Q,global_renewable_energy_transit!A:A,A3,global_renewable_energy_transit!D:D,2000) -> 99.712 | D3: =B3-C3 -> -1.106 | E3: =AVERAGEIFS(global_renewable_energy_transit!S:S,global_renewable_energy_transit!A:A,A3,global_renewable_energy_transit!D:D,2024) -> 98.606 | F3: =((B3/100)*0.5)+((D3/100)*0.3)+((1-(E3/1000))*0.2) -> 0.6699908
A4: Austria | B4: =AVERAGEIFS(global_renewable_energy_transit!Q:Q,global_renewable_energy_transit!A:A,A4,global_renewable_energy_transit!D:D,2024) -> 86.224 | C4: =AVERAGEIFS(global_renewable_energy_transit!Q:Q,global_renewable_energy_transit!A:A,A4,global_renewable_energy_transit!D:D,2000) -> 72.837 | D4: =B4-C4 -> 13.387 | E4: =AVERAGEIFS(global_renewable_energy_transit!S:S,global_renewable_energy_transit!A:A,A4,global_renewable_energy_transit!D:D,2024) -> 86.224 | F4: =((B4/100)*0.5)+((D4/100)*0.3)+((1-(E4/1000))*0.2) -> 0.6540362
A5: Germany | B5: =AVERAGEIFS(global_renewable_energy_transit!Q:Q,global_renewable_energy_transit!A:A,A5,global_renewable_energy_transit!D:D,2024) -> 58.642 | C5: =AVERAGEIFS(global_renewable_energy_transit!Q:Q,global_renewable_energy_transit!A:A,A5,global_renewable_energy_transit!D:D,2000) -> 6.224 | D5: =B5-C5 -> 52.418 | E5: =AVERAGEIFS(global_renewable_energy_transit!S:S,global_renewable_energy_transit!A:A,A5,global_renewable_energy_transit!D:D,2024) -> 58.642 | F5: =((B5/100)*0.5)+((D5/100)*0.3)+((1-(E5/1000))*0.2) -> 0.6387356
A6: Brazil | B6: =AVERAGEIFS(global_renewable_energy_transit!Q:Q,global_renewable_energy_transit!A:A,A6,global_renewable_energy_transit!D:D,2024) -> 87.333 | C6: =AVERAGEIFS(global_renewable_energy_transit!Q:Q,global_renewable_energy_transit!A:A,A6,global_renewable_energy_transit!D:D,2000) -> 89.491 | D6: =B6-C6 -> -2.158 | E6: =AVERAGEIFS(global_renewable_energy_transit!S:S,global_renewable_energy_transit!A:A,A6,global_renewable_energy_transit!D:D,2024) -> 89.449 | F6: =((B6/100)*0.5)+((D6/100)*0.3)+((1-(E6/1000))*0.2) -> 0.6123012
A7: Chile | B7: =AVERAGEIFS(global_renewable_energy_transit!Q:Q,global_renewable_energy_transit!A:A,A7,global_renewable_energy_transit!D:D,2024) -> 70.041 | C7: =AVERAGEIFS(global_renewable_energy_transit!Q:Q,global_renewable_energy_transit!A:A,A7,global_renewable_energy_transit!D:D,2000) -> 49.83 | D7: =B7-C7 -> 20.211 | E7: =AVERAGEIFS(global_renewable_energy_transit!S:S,global_renewable_energy_transit!A:A,A7,global_renewable_energy_transit!D:D,2024) -> 70.041 | F7: =((B7/100)*0.5)+((D7/100)*0.3)+((1-(E7/1000))*0.2) -> 0.5968298
A8: Spain | B8: =AVERAGEIFS(global_renewable_energy_transit!Q:Q,global_renewable_energy_transit!A:A,A8,global_renewable_energy_transit!D:D,2024) -> 57.336 | C8: =AVERAGEIFS(global_renewable_energy_transit!Q:Q,global_renewable_energy_transit!A:A,A8,global_renewable_energy_transit!D:D,2000) -> 15.612 | D8: =B8-C8 -> 41.724 | E8: =AVERAGEIFS(global_renewable_energy_transit!S:S,global_renewable_energy_transit!A:A,A8,global_renewable_energy_transit!D:D,2024) -> 76.746 | F8: =((B8/100)*0.5)+((D8/100)*0.3)+((1-(E8/1000))*0.2) -> 0.5965028
A9: Netherlands | B9: =AVERAGEIFS(global_renewable_energy_transit!Q:Q,global_renewable_energy_transit!A:A,A9,global_renewable_energy_transit!D:D,2024) -> 50.74 | C9: =AVERAGEIFS(global_renewable_energy_transit!Q:Q,global_renewable_energy_transit!A:A,A9,global_renewable_energy_transit!D:D,2000) -> 3.373 | D9: =B9-C9 -> 47.367 | E9: =AVERAGEIFS(global_renewable_energy_transit!S:S,global_renewable_energy_transit!A:A,A9,global_renewable_energy_transit!D:D,2024) -> 53.658 | F9: =((B9/100)*0.5)+((D9/100)*0.3)+((1-(E9/1000))*0.2) -> 0.5850694
A10: United Kingdom | B10: =AVERAGEIFS(global_renewable_energy_transit!Q:Q,global_renewable_energy_transit!A:A,A10,global_renewable_energy_transit!D:D,2024) -> 50.648 | C10: =AVERAGEIFS(global_renewable_energy_transit!Q:Q,global_renewable_energy_transit!A:A,A10,global_renewable_energy_transit!D:D,2000) -> 2.628 | D10: =B10-C10 -> 48.02 | E10: =AVERAGEIFS(global_renewable_energy_transit!S:S,global_renewable_energy_transit!A:A,A10,global_renewable_energy_transit!D:D,2024) -> 64.932 | F10: =((B10/100)*0.5)+((D10/100)*0.3)+((1-(E10/1000))*0.2) -> 0.5843136
A11: Sweden | B11: =AVERAGEIFS(global_renewable_energy_transit!Q:Q,global_renewable_energy_transit!A:A,A11,global_renewable_energy_transit!D:D,2024) -> 69.358 | C11: =AVERAGEIFS(global_renewable_energy_transit!Q:Q,global_renewable_energy_transit!A:A,A11,global_renewable_energy_transit!D:D,2000) -> 57.247 | D11: =B11-C11 -> 12.111 | E11: =AVERAGEIFS(global_renewable_energy_transit!S:S,global_renewable_energy_transit!A:A,A11,global_renewable_energy_transit!D:D,2024) -> 98.792 | F11: =((B11/100)*0.5)+((D11/100)*0.3)+((1-(E11/1000))*0.2) -> 0.5633646
A12: Switzerland | B12: =AVERAGEIFS(global_renewable_energy_transit!Q:Q,global_renewable_energy_transit!A:A,A12,global_renewable_energy_transit!D:D,2024) -> 67.449 | C12: =AVERAGEIFS(global_renewable_energy_transit!Q:Q,global_renewable_energy_transit!A:A,A12,global_renewable_energy_transit!D:D,2000) -> 56.987 | D12: =B12-C12 -> 10.462 | E12: =AVERAGEIFS(global_renewable_energy_transit!S:S,global_renewable_energy_transit!A:A,A12,global_renewable_energy_transit!D:D,2024) -> 98.099 | F12: =((B12/100)*0.5)+((D12/100)*0.3)+((1-(E12/1000))*0.2) -> 0.5490112
A13: Italy | B13: =AVERAGEIFS(global_renewable_energy_transit!Q:Q,global_renewable_energy_transit!A:A,A13,global_renewable_energy_transit!D:D,2024) -> 50.172 | C13: =AVERAGEIFS(global_renewable_energy_transit!Q:Q,global_renewable_energy_transit!A:A,A13,global_renewable_energy_transit!D:D,2000) -> 18.845 | D13: =B13-C13 -> 31.327 | E13: =AVERAGEIFS(global_renewable_energy_transit!S:S,global_renewable_energy_transit!A:A,A13,global_renewable_energy_transit!D:D,2024) -> 50.172 | F13: =((B13/100)*0.5)+((D13/100)*0.3)+((1-(E13/1000))*0.2) -> 0.5348066
... A51: Bangladesh | B51: =AVERAGEIFS(global_renewable_energy_transit!Q:Q,global_renewable_energy_transit!A:A,A51,global_renewable_energy_transit!D:D,2024) -> 1.887 | C51: =AVERAGEIFS(global_renewable_energy_transit!Q:Q,global_renewable_energy_transit!A:A,A51,global_renewable_energy_transit!D:D,2000) -> 5.897 | D51: =B51-C51 -> -4.01 | E51: =AVERAGEIFS(global_renewable_energy_transit!S:S,global_renewable_energy_transit!A:A,A51,global_renewable_energy_transit!D:D,2024) -> 1.887 | F51: =((B51/100)*0.5)+((D51/100)*0.3)+((1-(E51/1000))*0.2) -> 0.1970276
